lyrics,artist
"Oh, get up, up on the dancefloor tonight
I've got two left feet and a bottle of red wine
Making me feel like the beat and the bassline
Are in my blood, both hands up on her waistline
Get on up, baby, dance to the rhythm of the music
Don't care what the DJ chooses
Get lost in the rhythm with me
Please don't close until we wanna leave it
And you and I we're flying on an aeroplane tonight
We're going somewhere where the sun is shining bright
Just close your eyes
And let's pretend we're dancing in the street
In Barcelona
Barcelona
Barcelona
Barcelona
Well, get up, up on the dancefloor, move, it's a Saturday night
I fell in love with the sparkle in the moonlight
Reflected in your beautiful eyes
I guess that is destiny doing it right
And dance like they do in the Mediterranean
Spin you around me again and again, and
You're like something that God has sent me
I want you, baby, solamente
And you and I we're flying on an aeroplane tonight
We're going somewhere where the sun is shining bright
Just close your eyes
And let's pretend we're dancing in the street
In Barcelona
Barcelona
Barcelona
Barcelona
Barcelona
Barcelona
Oh, Barcelona
So let's pretend we're dancing in the street
In Barcelona
Las ramblas, I'll meet you
We'll dance around la Sagrada Familia (Barcelona)
Drinking Sangría
Mi niña, te amo mi cariño (Barcelona)
Mamasita rica
Sí, te adoro, señorita (Barcelona)
Los otros, viva la vida
Come on, let's be free in Barcelona
Las ramblas, I'll meet you
Come on and dance with me in Barcelona
Drinking Sangría
I just want to be in Barcelona
Mamasita, rica
Feel that summer breeze in Barcelona
Nosotros, viva la vida
Siempre vida, Barcelona",ed sheeran
"She moved with shameless wonder
The perfect creature rarely seen
Since some liar brought the thunder
When the land was godless and free
Her eyes look sharp and steady
Into the empty parts of me
But still my heart is heavy
With the hate of some other man's beliefs
Always a well dressed fraud
Who wouldn't spare the rod
Never for me
Screaming the name of a foreigner's God
Screaming the name of a foreigner's God
Screaming the name of a foreigner's God
The purest expression of grief
Wondering who I copy
Mustering some tender charm
She feels no control of her body
She feels no safety in my arms
I've no language left to say it
But all I do is quake to her
Breaking if I try convey it
The broken love I make to her
All that I've been taught
And every word I've got
Is foreign to me
Screaming the name of a foreigner's God
Screaming the name of a foreigner's God
Screaming the name of a foreigner's God
The purest expression of grief
Screaming the name of a foreigner's God
Screaming the name of a foreigner's God
Screaming the name of a foreigner's God
The purest expression of grief
Screaming the name of a foreigner's God
Screaming the name of a foreigner's God
Screaming the name of a foreigner's God
The purest expression of grief",hozier
"I won't talk about the weather
Not with you, we're not together
'Cause even when the sky is grey, I'm feeling blue
And though the winds are always changing
And the clouds are rearranging
A part of me will always be in love with you
There's a fire in L.A
And since you moved there back in May
I wonder, should I call to see if you're alright?
Yeah, you're a million miles away
But I still think of you each day
And hope the weather doesn't keep you cold at night
So I won't talk about the weather
No, I won't talk about the weather
I won't talk about the weather
Not with you, we're not together
'Cause even when the sky is grey, I'm feeling blue
And though the winds are always changing
And the clouds are rearranging
A part of me will always be in love with you
So I won't talk about the weather
No, I won't talk about the weather
I won't talk about the weather
Not with you, we're not together
And it's hard to say if we will ever be
But I'll admit my greatest fear
Is that the air will never clear
So I just wish that we could talk like you and me
No, I won't talk about the weather
Not with you we're not together
But I wonder if we're ever really through
'Cause if we're talking about whether
You and I should be together
Oh, I know I'll always be in love with you
Oh, yes I know I'll always be in love with you",lawrence